gene,TE
aaeA,NA
aaeB,0.22
aaeR,0.73
aaeX,NA
aas,0.56
aat,0.37
abgA,NA
abgB,NA
abgR,NA
abgT,NA
abrB,NA
accA,1.54
accB,2.17
accC,0.94
accD,1.32
aceA,1.79
aceB,0.62
aceE,1.49
aceF,1.62
aceK,0.04
ackA,2.47
acnA,1.04
acnB,1.59
acpH,1.04
acpP,2.95
acpS,0.56
acpT,0.72
acrA,1.18
acrB,0.63
acrD,0.59
acrE,NA
acrF,0.1
acrR,1.08
acs,1.83
actP,0.22
ada,0.16
add,2.32
ade,2.04
adhE,1.9
adhP,NA
adiA,NA
adiC,NA
adiY,NA
adk,3.35
adrA,NA
adrB,NA
aegA,NA
aer,NA
aes,NA
afuC,NA
agaB,NA
agaC,NA
agaD,NA
agaI,NA
agaR,0.55
agaS,NA
agaV,NA
agp,NA
ahpC,3.89
ahpF,1.97
aidB,NA
ais,NA
alaA,1.67
alaC,1.93
alaS,1.3
aldA,1.51
aldB,NA
alkA,NA
alkB,NA
allA,NA
allB,NA
allC,NA
allD,NA
allR,1.54
allS,NA
alpA,NA
alr,0.49
alsA,NA
alsB,NA
alsC,NA
alsE,NA
alsK,NA
alx,0.8
amiA,0.81
amiB,0.38
amiC,0.46
amiD,0.41
amn,1.74
ampC,1.97
ampD,1.09
ampE,0.46
ampG,0.24
ampH,1.23
amtB,NA
amyA,NA
anmK,0.96
ansA,1.43
ansB,NA
ansP,0.82
apaG,0.06
apaH,1.05
apbE,0.59
aphA,1.77
appA,NA
appB,NA
appC,NA
appY,0.52
apt,2.46
aqpZ,NA
araA,NA
araB,NA
araC,0.52
araD,NA
araE,0.13
araF,NA
araG,NA
araH,NA
araJ,0.28
arcA,1.56
arcB,0.61
argA,NA
argB,0.82
argC,0.45
argD,1.13
argE,1.43
argF,1.62
argG,2.36
argH,1.31
argI,NA
argK,NA
argO,1.16
argP,1.86
argR,1.53
argS,1.93
argT,1.16
ariR,NA
arnA,0.64
arnB,0.82
arnC,NA
arnD,NA
arnE,NA
arnF,NA
arnT,NA
aroA,1.24
aroB,0.13
aroC,0.75
aroD,2.59
aroE,0.62
aroF,0.64
aroG,2.5
aroH,1.42
aroK,1.31
aroL,0.45
aroM,0.72
aroP,0.73
arpA,NA
arrD,NA
arrQ,NA
arsB,0.5
arsC,NA
arsR,NA
artI,2
artJ,2.94
artM,0.49
artP,1.07
artQ,0.46
ascB,NA
ascF,NA
ascG,0.93
asd,2.07
aslA,NA
aslB,NA
asmA,0.25
asnA,1.83
asnB,2.23
asnC,2.49
asnS,1.87
aspA,0.73
aspC,2.48
aspS,1.75
asr,NA
astA,NA
astB,NA
astC,NA
astD,NA
astE,NA
atoA,NA
atoB,NA
atoC,NA
atoD,NA
atoE,NA
atoS,NA
atpA,0.87
atpB,0.48
atpC,0.45
atpD,1.08
atpE,2.11
atpF,0.44
atpG,0.4
atpH,0.24
atpI,0.02
avtA,1.26
azoR,4.28
azuC,1.72
bacA,1.19
baeR,1.55
baeS,NA
bamA,0.79
bamB,0.76
bamC,0.6
bamD,1.9
bamE,1.25
barA,0.49
basR,1.08
basS,0.6
bax,0.49
bcp,2.73
bcr,0.3
bcsA,0.1
bcsB,0.83
bcsC,0.3
bcsE,0.48
bcsF,NA
bcsG,0.7
bcsZ,0.39
bdm,NA
betA,0.69
betB,0.95
betI,0.1
betT,0.33
bfd,NA
bfr,0.74
bglA,2.24
bglB,NA
bglF,NA
bglG,NA
bglH,NA
bglJ,NA
bglX,1.05
bhsA,4.39
bioA,1.43
bioB,1.98
bioC,0.34
bioD,1.66
bioF,0.4
bioH,1.43
birA,0.6
bisC,0.63
blc,NA
blr,0.83
bolA,1.59
borD,2.02
brnQ,1.1
bsmA,NA
bssR,NA
bssS,0.11
btuB,1.4
btuC,0.25
btuD,0.31
btuE,0.98
btuF,0.31
btuR,0.78
cadA,NA
cadB,NA
cadC,NA
caiA,0.38
caiB,NA
caiC,NA
caiD,NA
caiE,NA
caiF,NA
caiT,NA
can,1.69
carA,1.06
carB,1.48
casA,NA
casB,NA
casC,NA
casD,NA
casE,NA
cbl,NA
cbpA,1.77
cbpM,1.27
cbrA,NA
cbrB,NA
cbrC,NA
cca,0.47
ccmA,NA
ccmB,NA
ccmC,0.63
ccmD,NA
ccmE,0.62
ccmF,0.23
ccmG,NA
ccmH,0.43
cdaR,NA
cdd,1.47
cdh,1.01
cdsA,0.27
cedA,NA
cfa,1.2
chaA,0.73
chaB,NA
chaC,NA
chbA,NA
chbB,NA
chbC,NA
chbF,NA
chbG,NA
chbR,NA
cheA,NA
cheB,NA
cheR,NA
cheW,NA
cheY,NA
cheZ,NA
chiA,0.74
chiP,NA
chiQ,NA
cho,NA
chpB,0.29
chpS,NA
cirA,0.78
citC,NA
citD,NA
citE,NA
citF,NA
citG,NA
citT,NA
citX,NA
clcA,0.39
clcB,NA
cld,1.16
clpA,0.7
clpB,1.11
clpP,1.26
clpS,0.5
clpX,0.94
cls,0.56
cmk,0.37
cmoA,1.16
cmoB,0.85
cmtA,NA
cmtB,NA
cnu,2
coaA,1.18
coaD,1.06
coaE,0.27
cobB,1.31
cobC,0.16
cobS,0.9
cobT,0.55
cobU,0.32
codA,1.54
codB,0.8
cof,0.31
cohE,0.8
copA,0.52
corA,0.74
cpdA,0.21
cpdB,1.87
cpsB,NA
cpsG,NA
cpxA,0.33
cpxP,0.27
cpxR,1.48
crcB,1.79
creA,1.57
creB,0.25
creC,0.2
creD,NA
crl,2.16
croE,NA
crp,1.45
crr,1.91
csdA,0.54
csdE,1.29
csdL,1.02
csgA,NA
csgB,NA
csgC,NA
csgD,NA
csgE,NA
csgF,NA
csgG,NA
csiD,NA
csiE,NA
csiR,NA
cspA,2.12
cspB,NA
cspC,3.26
cspD,0.75
cspE,2.06
cspF,NA
cspG,NA
cspH,NA
cspI,NA
csrA,1.9
csrD,0.2
cstA,0.59
cueO,2.27
cueR,1.53
cusA,NA
cusB,NA
cusC,NA
cusF,NA
cusR,0.57
cusS,0.48
cutA,0.35
cutC,1.08
cvpA,0.22
cvrA,0.39
cyaA,0.19
cyaY,2.49
cybB,2.04
cycA,0.99
cydA,0.85
cydB,0.74
cydC,0.56
cydD,0.7
cynR,1.1
cynS,NA
cynT,NA
cynX,NA
cyoA,0.66
cyoB,0.66
cyoC,0.71
cyoD,0.74
cyoE,0.21
cysA,NA
cysB,2.03
cysC,NA
cysD,NA
cysE,0.67
cysG,0.63
cysH,NA
cysI,NA
cysJ,NA
cysK,1.97
cysM,1.49
cysN,NA
cysP,NA
cysQ,1.5
cysS,1.98
cysU,NA
cysW,NA
cysZ,1.55
cytR,0.41
dacA,1.54
dacB,0.94
dacC,1.79
dacD,NA
dadA,1.09
dadX,0.72
dam,0.17
damX,0.87
dapA,0.99
dapB,1.76
dapD,3.24
dapE,1.1
dapF,0.32
dbpA,1.14
dcd,0.47
dcm,0.68
dcp,2.17
dcrB,1.85
dctA,0.53
dctR,NA
dcuA,0.87
dcuB,NA
dcuC,NA
dcuD,NA
dcuR,1.02
dcuS,0.2
dcyD,1.48
ddlA,1.9
ddlB,0.48
ddpA,NA
ddpB,NA
ddpC,NA
ddpD,NA
ddpF,NA
ddpX,NA
deaD,1.47
dedA,0.61
dedD,0.6
def,1.08
degP,2.55
degQ,1.34
degS,0.64
deoA,0.96
deoB,1.14
deoC,3.08
deoD,2.93
deoR,0.66
der,1.34
dfp,0.65
dgkA,1.62
dgoA,NA
dgoD,NA
dgoK,NA
dgoR,2.34
dgoT,NA
dgsA,0.29
dgt,0.55
dhaK,0.42
dhaL,0.6
dhaM,0.97
dhaR,0.31
diaA,0.41
dicA,1.13
dicB,NA
dicC,NA
dinB,0.3
dinD,NA
dinF,0.35
dinG,0.32
dinI,1.13
dinJ,1.21
dinQ,0
djlA,0.93
djlB,NA
djlC,NA
dkgA,NA
dkgB,2.03
dksA,2.31
dld,1.98
dmlA,NA
dmlR,NA
dmsA,NA
dmsB,NA
dmsC,NA
dmsD,1.6
dnaA,0.35
dnaB,0.36
dnaC,0.76
dnaE,0.19
dnaG,0.11
dnaJ,1.05
dnaK,2.28
dnaN,0.7
dnaQ,1.18
dnaT,1.03
dnaXgamma,0.24
dnaXtau,0.14
dosC,NA
dosP,NA
dpiA,NA
dpiB,0.05
dppA,1.53
dppB,0.49
dppC,0.55
dppD,0.7
dppF,0.94
dps,3.05
dsbA,2.35
dsbB,1.09
dsbC,1.9
dsbD,1.01
dsbG,2.48
dsdA,2.39
dsdC,1.04
dsdX,NA
dsrB,2.03
dtd,1.54
dtpA,1.04
dtpB,0.96
dtpD,0.67
dusA,1.46
dusB,0.02
dusC,0.4
dut,1.56
dxr,0.71
dxs,0.6
eamA,0.38
eamB,NA
ebgA,NA
ebgC,NA
ebgR,0.99
ecnA,0.24
ecnB,0.55
eco,4.94
ecpD,NA
eda,2.84
edd,0.31
efeB,0.53
efeO,2.21
efp,2.14
elaA,1.86
elaB,2.13
elaD,NA
elbB,1.92
elfA,NA
elfC,NA
elfD,NA
elfG,NA
emrA,0.82
emrB,0.24
emrD,0.85
emrE,0.81
emrK,NA
emrY,NA
emtA,1.45
endA,NA
eno,2.44
entA,NA
entB,NA
entC,NA
entD,NA
entE,NA
entF,0.66
entH,NA
entS,0.67
envC,0.18
envR,NA
envY,NA
envZ,0.26
epd,0.24
eptA,0.81
eptB,0.43
era,0.82
erfK,0.43
erpA,2.17
essD,NA
essQ,NA
etk,0.58
etp,NA
eutA,NA
eutB,0.87
eutC,0.83
eutD,NA
eutE,NA
eutG,NA
eutH,NA
eutJ,NA
eutK,0.29
eutL,1.25
eutM,NA
eutN,NA
eutP,NA
eutQ,NA
eutR,NA
eutS,NA
eutT,NA
evgA,0.99
evgS,0.6
exbB,1.16
exbD,0.55
exoX,1.11
exuR,0.81
exuT,NA
fabA,2.02
fabB,1.76
fabD,1.28
fabF,0.8
fabG,0.96
fabH,0.78
fabI,2.66
fabR,0.43
fabZ,1.92
fadA,NA
fadB,NA
fadD,1.07
fadE,0.33
fadH,NA
fadI,NA
fadJ,0.34
fadK,NA
fadL,1.7
fadM,NA
fadR,1.93
fbaA,2.31
fbaB,NA
fbp,1.55
fcl,NA
fdhD,1.13
fdhE,1.28
fdhF,0.02
fdnG,0.04
fdnH,NA
fdnI,NA
fdoG,0.12
fdoH,0.24
fdoI,0.18
fdrA,NA
fdx,1.53
feaB,NA
feaR,NA
fecA,0.49
fecB,NA
fecC,NA
fecD,NA
fecE,0.72
fecI,0.3
fecR,0.51
feoA,NA
feoB,0.89
feoC,0.29
fepA,NA
fepB,1.51
fepC,NA
fepD,NA
fepE,NA
fepG,NA
fes,NA
ffh,1.28
fhlA,0.51
fhuA,1.05
fhuB,0.26
fhuC,0.47
fhuD,0.41
fhuE,NA
fhuF,0.5
fic,NA
fieF,0.35
fimA,3.19
fimB,1.56
fimC,NA
fimD,0.21
fimE,NA
fimF,NA
fimG,NA
fimH,NA
fimI,0.15
fimZ,NA
fis,3.17
fiu,1.46
fixA,NA
fixB,NA
fixC,NA
fixX,NA
fklB,3.38
fkpA,2.51
fkpB,0.5
fldA,2.62
fldB,1.33
flgA,NA
flgB,NA
flgC,NA
flgD,NA
flgE,1.39
flgF,NA
flgG,NA
flgH,NA
flgI,NA
flgJ,NA
flgK,NA
flgL,NA
flgM,NA
flgN,NA
flhA,NA
flhB,NA
flhC,0.89
flhD,0.96
flhE,NA
fliA,NA
fliC,0.55
fliD,NA
fliE,NA
fliF,NA
fliG,NA
fliH,NA
fliI,NA
fliJ,NA
fliK,NA
fliL,NA
fliM,NA
fliN,NA
fliO,NA
fliP,NA
fliQ,NA
fliR,NA
fliS,NA
fliT,NA
fliY,2.21
fliZ,NA
flk,0.68
flu,2.37
flxA,NA
fmt,0.91
fnr,1.32
focA,0.35
focB,NA
folA,1.51
folB,1.26
folC,1.06
folD,2.17
folE,2.47
folK,0.36
folM,0.72
folP,0.74
folX,2.04
fpr,1.3
frc,NA
frdA,1.03
frdB,0.91
frdC,0.71
frdD,0.95
fre,0.97
frlA,NA
frlB,NA
frlC,NA
frlD,NA
frlR,1.2
frmA,2.22
frmB,1.33
frmR,0.56
frr,1.73
frsA,1.28
fruA,0.88
fruB,1.34
fruK,1.11
fruR,1.14
frvA,NA
frvB,NA
frvR,NA
frvX,NA
frwB,NA
frwC,NA
frwD,NA
fryA,NA
fryB,NA
fryC,NA
fsaA,NA
fsaB,NA
fsr,1.03
ftnA,4.09
ftnB,0.97
ftsA,0.38
ftsB,0.16
ftsE,0.4
ftsH,0.54
ftsI,0.16
ftsK,0.46
ftsL,0.16
ftsN,0.5
ftsP,0.71
ftsQ,0.19
ftsW,0.21
ftsX,0.46
ftsY,1.05
ftsZ,1.31
fucA,NA
fucI,NA
fucK,NA
fucO,NA
fucP,NA
fucR,0.68
fucU,1.64
fumA,2.35
fumB,NA
fumC,2.02
fur,1.1
fusA,0.7
fxsA,0.82
gabD,NA
gabP,NA
gabT,NA
gadA+gadB,NA
gadC,NA
gadE,NA
gadW,0.45
gadX,0.25
galE,2.29
galF,0.95
galK,0.61
galM,1.18
galP,1.09
galR,0.9
galS,NA
galT,0.78
galU,2.14
gapA,2.78
garD,NA
garK,NA
garL,NA
garP,NA
garR,NA
gatA,0.64
gatB,0.56
gatC,0.8
gatD,1.44
gatY,1.48
gatZ,1.18
gcd,0.92
gcl,NA
gcp,1.53
gcvA,0.56
gcvH,3.07
gcvP,1.29
gcvR,0.49
gcvT,1.12
gdhA,1.71
gfcA,NA
gfcB,NA
gfcC,NA
gfcD,NA
gfcE,NA
ggt,NA
ghrA,2.03
ghrB,2.39
glcA,NA
glcB,1.69
glcC,0.55
glcD,NA
glcE,NA
glcF,NA
glcG,NA
gldA,NA
glf,1.28
glgA,0.29
glgB,0.2
glgC,0.51
glgP,0.38
glgS,NA
glgX,0.12
glk,2.42
glmM,1.61
glmS,1.17
glmU,0.65
glnA,2.18
glnB,2.12
glnD,0.53
glnE,0.37
glnG,0.49
glnH,2.22
glnK,NA
glnL,0.17
glnP,0.69
glnQ,1.18
glnS,1.7
gloA,3.18
gloB,1.57
glpA,NA
glpB,NA
glpC,NA
glpD,1.1
glpE,0.84
glpF,NA
glpG,0.53
glpK,2.15
glpQ,0.31
glpR,0.92
glpT,NA
glpX,1.77
glrK,0.21
glrR,0.37
gltA,1.49
gltB,0.87
gltD,1.05
gltF,2.47
gltI,1.86
gltJ,0.44
gltK,0.45
gltL,1.47
gltP,1.05
gltS,0.7
gltX,2.25
glxK,NA
glxR,NA
glyA,2.78
glyQ,1.44
glyS,1.52
gmd,NA
gmhB,1.66
gmk,0.89
gmm,NA
gmr,0.5
gnd,2.01
gnsA,3.72
gnsB,3.42
gntK,NA
gntP,NA
gntR,0.78
gntT,0.37
gntU,0.32
gntX,0.01
gor,1.8
gph,0.59
gpmA,3.76
gpmM,2.17
gpp,0.25
gpr,NA
gpsA,0.39
gpt,3.2
greA,2.53
greB,0.87
groL,1.74
groS,2.35
grpE,2.62
grxA,1.94
grxB,2.83
grxC,1.25
grxD,3.88
gshA,0.63
gshB,1.7
gsiA,0.25
gsiB,0.62
gsiC,0.17
gsiD,NA
gsk,1.62
gspA,NA
gspB,NA
gspC,NA
gspD,NA
gspE,NA
gspF,NA
gspG,NA
gspH,NA
gspI,NA
gspJ,NA
gspK,NA
gspL,NA
gspM,NA
gspO,NA
gss,1.62
gst,2.03
gtrA,0.35
gtrB,0.86
gtrS,0.54
guaA,1.9
guaB,2.45
guaC,1.63
guaD,NA
gudD,1.49
gudP,NA
gudX,NA
gutM,NA
gutQ,1.65
gyrA,0.97
gyrB,1.53
hcaB,NA
hcaC,NA
hcaD,NA
hcaE,NA
hcaF,NA
hcaR,NA
hcaT,0.41
hchA,1.43
hcp,NA
hcr,NA
hda,0.18
hdeA,NA
hdeB,NA
hdeD,NA
hdfR,1.08
hdhA,1.34
helD,0.73
hemA,0.32
hemB,1.82
hemC,0.82
hemD,0.13
hemE,1.36
hemF,0.4
hemG,1.04
hemH,1.03
hemL,1.71
hemN,0.87
hemX,0.78
hemY,0.65
hflC,0.83
hflD,0.38
hflK,0.83
hflX,0.2
hfq,2.03
hha,1.69
hicA,NA
hicB,NA
higA,NA
higB,NA
hinT,2.5
hipA,0.92
hipB,NA
hisA,0.79
hisB,1.27
hisC,1.27
hisD,1.16
hisF,0.97
hisG,2.22
hisH,0.9
hisI,2.01
hisJ,2.41
hisL,0.16
hisM,0.35
hisP,1.06
hisQ,0.31
hisS,0.94
hiuH,NA
hlyE,NA
hmp,2.97
hns,4.54
hofB,NA
hofC,NA
hofM,NA
hofN,NA
hofO,NA
hofP,NA
hofQ,NA
hokA,NA
hokB,0.02
hokC,NA
hokD,0.02
hokE,NA
holA,0.13
holB,0.27
holC,0.11
holD,0.16
holE,2.35
hpf,0.46
hpt,1.84
hrpA,1
hrpB,0.31
hscA,0.63
hscB,0.44
hscC,NA
hsdM,1.7
hsdR,0.75
hsdS,0.94
hslJ,1.65
hslO,2.15
hslR,0.33
hslU,1.81
hslV,1.41
hspQ,0.3
hsrA,0.07
htpG,2.28
htpX,1.2
htrE,NA
hupA,3.15
hupB,2.45
hyaA,NA
hyaB,NA
hyaC,NA
hyaD,NA
hyaE,NA
hyaF,NA
hybA,0.58
hybB,0.24
hybC,0.61
hybD,0.22
hybE,0.21
hybF,NA
hybG,NA
hybO,0.84
hycA,NA
hycB,NA
hycC,NA
hycD,NA
hycE,NA
hycF,NA
hycG,NA
hycH,NA
hycI,0.83
hydN,NA
hyfA,NA
hyfB,NA
hyfC,NA
hyfD,NA
hyfE,NA
hyfF,NA
hyfG,NA
hyfH,NA
hyfI,NA
hyfJ,NA
hyfR,NA
hyi,NA
hypA,NA
hypB,NA
hypC,NA
hypD,0.78
hypE,0.62
hypF,0.66
hyuA,NA
iaaA,0.27
iadA,1.77
iap,0.59
ibpA,1.24
ibpB,0.57
ibsA,NA
ibsB,NA
ibsC,NA
ibsD,NA
ibsE,NA
icd,2.56
iclR,0.39
idi,NA
idnD,NA
idnK,NA
idnO,NA
idnR,0.58
idnT,NA
ihfA,1.12
ihfB,1.92
ileS,1.4
ilvA,0.72
ilvB,1.62
ilvC,2.37
ilvD,0.97
ilvE,2.57
ilvH,NA
ilvI,0.58
ilvL,0.2
ilvM,NA
ilvN,1.57
ilvX,NA
ilvY,0.29
inaA,1.49
infA,1.83
infB,1.28
infC,0.3
insA,NA
insB,NA
insC,NA
insD,NA
insE,NA
insF,NA
insG,1.02
insH,NA
insI,NA
insJ,NA
insK,NA
insL,NA
insQ,0.11
intA,0.87
intD,0.08
intE,NA
intF,1.74
intR,0.05
intS,0.94
intZ,0.33
iraD,NA
iraM,NA
iraP,NA
iscA,0.62
iscR,1.34
iscS,1.66
iscU,1.81
iscX,0.95
ispA,0.55
ispB,1.01
ispD,0.28
ispE,0.14
ispF,0.65
ispG,0.65
ispH,1.02
ispU,0.27
ivbL,0.16
ivy,1.96
katE,NA
katG,1.71
kbaY,NA
kbaZ,NA
kbl,1.35
kch,1
kdgK,2.39
kdgR,1.72
kdgT,NA
kdpA,NA
kdpB,NA
kdpC,NA
kdpD,0.41
kdpE,0.71
kdpF,NA
kdsA,2.19
kdsB,1.31
kdsC,0.66
kdsD,0.56
kduD,NA
kduI,NA
kefA,0.89
kefB,0.19
kefC,0.52
kefF,NA
kefG,0.25
kgtP,0.79
kilR,NA
kptA,NA
kup,0.61
lacA,NA
lacI,0.82
lacY,NA
lacZ,NA
lamB,1.27
ldcA,1.4
ldcC,0.25
ldhA,1.96
ldrA+ldrC,NA
ldrB,NA
ldrD,0.01
lepA,1.44
lepB,0.38
leuA,0.99
leuB,1.29
leuC,1.65
leuD,1.78
leuE,0.83
leuL,0.29
leuO,NA
leuS,1.69
lexA,1.06
lgt,0.92
lhgO,NA
lhr,0.14
ligA,1.54
ligB,NA
ligT,0.26
lipA,2.13
lipB,1.03
lit,NA
livF,0.66
livG,0.53
livH,0.44
livJ,2.09
livK,1.5
livM,0.36
lldD,1.9
lldP,0.31
lldR,0.3
lnt,0.48
lolA,1.06
lolB,1.96
lolC,0.42
lolD,0.94
lolE,0.38
lon,1.03
lpcA,1.63
lpd,1.65
lplA,1.31
lplT,0.27
lpp,2.27
lptA,0.84
lptB,0.79
lptC,0.31
lptD,0.86
lptE,0.31
lptF,0.48
lptG,0.42
lpxA,0.28
lpxB,0.17
lpxC,0.5
lpxD,0.51
lpxH,0.12
lpxK,0.24
lpxL,1.56
lpxM,1.2
lpxP,NA
lpxT,1.07
lrhA,0.88
lrp,1.44
lspA,0.27
lsrA,NA
lsrB,NA
lsrC,NA
lsrD,NA
lsrF,NA
lsrG,NA
lsrK,NA
lsrR,NA
ltaE,1.45
luxS,2.52
lysA,1.54
lysC,0.73
lysP,0.84
lysR,0.57
lysS,1.97
lysU,1.97
lyxK,NA
maa,0.51
macA,1.01
macB,0.35
maeA,1.6
maeB,1.55
mak,1.7
malE,2.43
malF,0.33
malG,NA
malI,NA
malK,NA
malM,NA
malP,1.86
malQ,0.72
malS,NA
malT,0.36
malX,0.72
malY,0.73
malZ,0.84
manA,2.3
manX,1.03
manY,0.94
manZ,0.81
map,1.96
marA,2.23
marB,0.53
marC,0.7
marR,0.3
matA,NA
matB,NA
matC,NA
matP,1.46
mazE,1.01
mazF,0.39
mazG,1.07
mcbA,NA
mcbR,NA
mcrA,NA
mcrB,1.28
mcrC,NA
mdaB,2.92
mdfA,0.6
mdh,2.07
mdlA,0.23
mdlB,0.3
mdtA,0.73
mdtB,0.38
mdtC,0.33
mdtD,NA
mdtE,NA
mdtF,NA
mdtG,NA
mdtH,NA
mdtI,NA
mdtJ,NA
mdtK,0.93
mdtL,NA
mdtM,NA
mdtN,NA
mdtO,NA
mdtP,NA
melA,NA
melB,NA
melR,NA
menA,0.89
menB,2.37
menC,0.58
menD,0.43
menE,0.33
menF,0.37
menH,0.09
mepA,0.7
metA,1.1
metB,0.26
metC,1.96
metE,2.25
metF,1.24
metG,2.29
metH,1.1
metI,0.41
metJ,2.01
metK,1.98
metL,1.05
metN,1.03
metQ,1.93
metR,1.3
mfd,1.03
mglA,0.5
mglB,1.03
mglC,NA
mgrB,0.67
mgsA,2.41
mgtA,0.56
mgtL,0.61
mhpA,NA
mhpB,NA
mhpC,NA
mhpD,NA
mhpE,NA
mhpF,NA
mhpR,NA
mhpT,NA
miaA,0.08
miaB,1.74
minC,0.43
minD,1.6
minE,1.04
mioC,0.61
mipA,2.61
mlaA,1
mlaB,0.57
mlaC,1.73
mlaD,0.91
mlaE,0.42
mlaF,0.61
mliC,NA
mlrA,NA
mltA,0.71
mltB,2.01
mltC,0.66
mltD,0.32
mltF,0.32
mmuM,0.87
mmuP,NA
mngA,NA
mngB,0.44
mngR,1.19
mnmA,0.92
mnmC,0.68
mnmE,0.9
mnmG,0.83
mntH,0.36
mntR,0.89
moaA,0.27
moaB,1.11
moaC,1
moaD,0.86
moaE,0.79
mobA,0.41
mobB,0.56
mocA,NA
modA,2.02
modB,0.19
modC,0.24
modE,1.88
modF,0.49
moeA,1.63
moeB,0.46
mog,1.58
mokB,NA
mokC,NA
motA,NA
motB,NA
mpaA,0.67
mpl,1.21
mppA,1.13
mprA,2.66
mqo,1.22
mqsA,0.9
mqsR,0.08
mraY,0.42
mraZ,0.06
mrcA,0.68
mrcB,0.54
mrdA,0.27
mrdB,0.35
mreB,1.59
mreC,0.25
mreD,0.21
mrp,1.88
mrr,0.85
msbA,0.54
mscL,1.57
mscM,0.82
mscS,1.32
msrA,1.62
msrB,2.33
msyB,NA
mtfA,0.83
mtgA,0.12
mtlA,0.81
mtlD,1.01
mtlR,0.31
mtn,1.95
mtr,0.43
mug,1.28
mukB,0.68
mukE,0.62
mukF,0.43
murA,1.26
murB,0.69
murC,0.75
murD,0.51
murE,0.51
murF,0.54
murG,0.42
murI,0.73
murJ,0.86
murP,0.3
murQ,1.8
murR,NA
mutH,0.61
mutL,0.17
mutM,0.89
mutS,1.33
mutT,1.56
mutY,0.6
mzrA,0.62
nac,NA
nadA,1.65
nadB,1.5
nadC,2.05
nadD,0.55
nadE,2.79
nadK,0.73
nadR,0.59
nagA,0.64
nagB,2.11
nagC,0.65
nagD,1.48
nagE,0.93
nagK,0.25
nagZ,1.11
nanA,2.69
nanC,NA
nanE,NA
nanK,NA
nanM,NA
nanR,0.83
nanS,NA
nanT,NA
napA,1.08
napB,NA
napC,0.33
napD,NA
napF,NA
napG,NA
napH,NA
narG,NA
narH,NA
narI,NA
narJ,NA
narK,NA
narL,2.8
narP,1.48
narQ,0.35
narU,NA
narV,NA
narW,NA
narX,0.26
narY,NA
narZ,NA
ndh,2.25
ndk,3.65
nei,0.86
nemA,1.86
nemR,NA
nepI,0.8
nfi,0.21
nfo,2.07
nfrA,0.43
nfrB,0.1
nfsA,2.4
nfsB,3.35
nfuA,3.24
nhaA,1.06
nhaB,1.14
nhaR,0.43
nhoA,NA
nikA,NA
nikB,NA
nikC,NA
nikD,NA
nikE,NA
nikR,2.75
ninE,NA
nirB,NA
nirC,0.77
nirD,NA
nlpA,1.26
nlpC,0.71
nlpD,0.48
nlpE,1.11
nlpI,0.05
nohD,NA
norR,0.53
norV,NA
norW,NA
npr,0.6
nrdA,1.6
nrdB,1.17
nrdD,1.25
nrdE,0.47
nrdF,NA
nrdG,NA
nrdH,NA
nrdI,0.21
nrdR,0.46
nrfA,NA
nrfB,NA
nrfC,NA
nrfD,NA
nrfE,NA
nrfF,NA
nrfG,NA
nsrR,0.36
nth,1.01
nudB,0.06
nudC,1.17
nudE,0.68
nudF,1.16
nudG,NA
nudI,NA
nudJ,0.84
nudK,1.77
nudL,0.4
nuoA,0.78
nuoB,0.81
nuoC,0.7
nuoE,0.86
nuoF,0.57
nuoG,0.58
nuoH,0.36
nuoI,0.61
nuoJ,0.3
nuoK,0.35
nuoL,0.39
nuoM,0.64
nuoN,0.68
nupC,1.1
nupG,0.86
nupX,NA
nusA,1.2
nusB,1.12
nusG,1.12
obgE,1.2
ogrK,NA
ogt,NA
ompA,2.11
ompC,2.56
ompF,2.47
ompG,NA
ompL,NA
ompN,NA
ompR,1.58
ompT,2.55
ompW,NA
ompX,3.38
opgB,0.53
opgC,0.89
opgD,1.1
opgG,1.78
opgH,0.55
oppA,2.04
oppB,0.53
oppC,0.53
oppD,0.75
oppF,0.85
orn,3.06
osmB,NA
osmC,NA
osmE,2.3
osmF,NA
osmY,3.13
otsA,NA
otsB,NA
oxc,NA
oxyR,1.4
paaA,NA
paaB,NA
paaC,NA
paaD,NA
paaE,NA
paaF,NA
paaG,NA
paaH,NA
paaI,NA
paaJ,NA
paaK,NA
paaX,1.05
paaY,1.06
paaZ,NA
pabA,0.82
pabB,1.23
pabC,0.19
pagP,NA
pal,2.85
panB,3.08
panC,1.18
panD,2.26
panE,0.99
panF,0.41
paoA,NA
paoB,NA
paoC,NA
paoD,NA
parC,0.83
parE,1.23
patA,NA
pbpC,0.19
pbpG,1.55
pck,2.31
pcm,0.42
pcnB,0.54
pdhR,0.32
pdxA,0.17
pdxB,1.01
pdxH,1.45
pdxJ,2.09
pdxK,2.2
pdxY,1.47
pepA,0.91
pepB,1.56
pepD,2.25
pepE,NA
pepN,2.13
pepP,0.7
pepQ,1.64
pepT,1.17
perR,NA
pfkA,1.9
pfkB,2.33
pflA,2.33
pflB,1.95
pflC,NA
pflD,NA
pgaA,NA
pgaB,NA
pgaC,NA
pgaD,NA
pgi,2.37
pgk,2.62
pgl,2.34
pgm,1.09
pgpA,0.41
pgpB,0.37
pgsA,1.23
pheA,2.03
pheL,0.13
pheM,NA
pheP,0.66
pheS,1.67
pheT,1.47
phnC,NA
phnD,NA
phnF,NA
phnG,NA
phnH,NA
phnI,NA
phnJ,NA
phnK,NA
phnL,NA
phnM,NA
phnN,NA
phnO,NA
phnP,NA
phoA,0.94
phoB,0.66
phoE,NA
phoH,NA
phoP,1.67
phoQ,0.29
phoR,0.4
phoU,0.84
php,NA
phr,0.26
pinE,NA
pinR+pinQ,NA
pitA,0.56
pitB,NA
pldA,1.13
pldB,0.14
pliG,NA
plsB,1.02
plsC,0.68
plsX,0.02
plsY,0.54
pmbA,1.82
pmrD,NA
pncA,1.08
pncB,0.68
pnp,1.32
pntA,1.12
pntB,0.65
pnuC,0.61
polA,1.76
polB,0.2
potA,0.97
potB,0.42
potC,0.34
potD,1.83
potE,NA
potF,1.41
potG,0.56
potH,NA
potI,NA
poxB,NA
ppa,2.85
ppc,1.79
ppdA,NA
ppdB,NA
ppdC,NA
ppdD,NA
pphA,NA
pphB,NA
ppiA,2.29
ppiB,2.73
ppiC,2.85
ppiD,1.18
ppk,0.49
pppA,0.17
ppsA,1.59
ppsR,2.02
pptA,NA
ppx,0.93
pqiA,0.23
pqiB,0.65
pqqL,0.96
prc,0.56
prfA,1.13
prfB,1.48
prfC,1.71
priA,0.31
priB,0.02
priC,0.47
prkB,0.92
prlC,2.13
prmA,2.31
prmB,1.09
prmC,0.32
proA,1.18
proB,0.94
proC,3.23
proP,0.51
proQ,1.54
proS,1.5
proV,0.55
proW,0.66
proX,1.44
proY,0.93
prpB,NA
prpC,NA
prpD,NA
prpE,NA
prpR,NA
prr,NA
prs,1.42
psd,1.19
psiE,NA
psiF,NA
pspA,3.18
pspB,NA
pspC,NA
pspD,NA
pspE,2.68
pspF,NA
pspG,NA
pssA,0.9
pstA,0.49
pstB,1.34
pstC,0.46
pstS,0.83
psuG,NA
psuK,NA
psuT,NA
pta,1.64
pth,1.2
ptrA,0.67
ptrB,1.36
ptsA,NA
ptsG,0.97
ptsH,3.16
ptsI,1.19
ptsN,0.91
ptsP,0.36
purA,1.48
purB,2.15
purC,2.77
purD,1.48
purE,1.28
purF,1.3
purH,2.09
purK,0.88
purL,1.25
purM,1.61
purN,0.74
purP,0.89
purR,1.5
purT,2.23
purU,2.15
putA,0.98
putP,1.2
puuA,1.13
puuB,NA
puuC,NA
puuD,NA
puuE,NA
puuP,NA
puuR,1.09
pykA,2.09
pykF,3.19
pyrB,2.43
pyrC,2.49
pyrD,1.68
pyrE,2.72
pyrF,1.57
pyrG,1.53
pyrH,1.53
pyrI,1.77
pyrL,0.15
qmcA,0.85
qorA,1.17
qorB,NA
qseB,NA
qseC,0.8
qseD,0.24
queA,1.05
queC,2.15
queD,2.47
queF,1.63
quuD,NA
quuQ,NA
racC,NA
racR,0.37
radA,0.46
raiA,1.91
ralR,NA
rapA,1.74
rarA,0.54
rarD,0.58
ravA,0.72
rbbA,0.4
rbfA,1.53
rbn,1.55
rbsA,0.39
rbsB,1.18
rbsC,0.44
rbsD,0.14
rbsK,0.91
rbsR,0.4
rcnA,NA
rcnR,NA
rcsA,NA
rcsB,2.37
rcsC,0.41
rcsD,0.47
rcsF,2.54
rdgB,1.31
rdgC,2.25
rdoA,0.29
recA,2.54
recB,0.25
recC,0.33
recD,0.41
recE,NA
recF,0.13
recG,0.18
recJ,0.46
recN,0.79
recO,0.07
recQ,0.23
recR,0.23
recT,NA
recX,NA
relA,0.43
relB,3.52
relE,0.57
rem,NA
rep,0.58
rfaB,0.34
rfaC,0.37
rfaD,1.75
rfaE,1.38
rfaF,0.33
rfaG,0.48
rfaH,0.57
rfaI,0.29
rfaJ,0.54
rfaL,0.73
rfaP,0.35
rfaQ,0.5
rfaS,0.34
rfaY,0.53
rfaZ,0.48
rfbA,1.16
rfbB,1.25
rfbC,0.72
rfbD,0.94
rfbX,0.31
rfc,0.2
rfe,0.46
rffA,0.86
rffC,0.15
rffD,0.51
rffE,0.61
rffG,0.52
rffH,0.35
rffM,0.75
rffT,0.47
rhaA,NA
rhaB,NA
rhaD,NA
rhaM,NA
rhaR,NA
rhaS,NA
rhaT,NA
rhlB,1.11
rhlE,1.16
rhmA,NA
rhmD,NA
rhmR,NA
rhmT,NA
rho,2.17
rhsA,NA
rhsB,NA
rhsC,NA
rhsD,0.07
rhtA,0.85
rhtB,NA
rhtC,0.64
ribA,2
ribB,1.79
ribC,2.33
ribD,0.43
ribE,2.09
ribF,0.26
rihA,2.43
rihB,NA
rihC,2.04
rimI,0.51
rimJ,0.55
rimK,0.14
rimL,NA
rimM,0.08
rimN,1.17
rimO,3.07
rimP,0.74
rlmA,1.81
rlmB,1.72
rlmE,0.44
rlmF,1.38
rlmG,1.5
rlmH,0.36
rlmI,1.9
rlmL,1.17
rlmM,1.19
rlmN,1.36
rlpA,0.81
rluA,0.25
rluB,2.19
rluC,1.19
rluD,1.77
rluE,1.05
rluF,0.97
rmf,NA
rmuC,0.36
rna,2.1
rnb,1.71
rnc,1.01
rnd,1.14
rne,1.21
rng,0.39
rnhA,1.43
rnhB,0.42
rnk,3.07
rnlA,0.75
rnpA,0.11
rnr,1.05
rnt,1.77
rob,0.93
rodZ,0.79
rof,1.03
rpe,1.1
rph,1.81
rpiA,1.76
rpiB,NA
rpiR,0.94
rplA,1.35
rplB,0.95
rplC,0.9
rplD,0.91
rplE,0.69
rplF,0.81
rplI,1.7
rplJ,0.75
rplK,1.38
rplL,2.96
rplM,1.19
rplN,0.68
rplO,0.8
rplP,1.13
rplQ,1.12
rplR,0.79
rplS,2.23
rplT,1.19
rplU,1.62
rplV,0.94
rplW,0.87
rplX,0.51
rplY,3.16
rpmA,1.73
rpmB,2.09
rpmC,1.01
rpmD,0.76
rpmE,2.75
rpmF,2.74
rpmG,1.56
rpmH,2.16
rpmI,1.71
rpmJ,0.69
rpoA,0.31
rpoB,0.83
rpoC,0.81
rpoD,1.69
rpoE,0.33
rpoH,0.91
rpoN,0.25
rpoS,0.71
rpoZ,2.53
rppH,0.31
rpsA,1.56
rpsB,1.93
rpsC,0.92
rpsD,0.98
rpsE,0.74
rpsF,1.84
rpsG,1.47
rpsH,0.8
rpsI,1.46
rpsJ,1.11
rpsK,0.88
rpsL,1.24
rpsM,0.75
rpsN,0.99
rpsO,2.15
rpsP,2.28
rpsQ,0.8
rpsR,2.34
rpsS,0.91
rpsT,1.64
rpsU,3.03
rraA,0.84
rraB,2.58
rsd,0.42
rseA,0.6
rseB,0.41
rseC,0.32
rseP,0.14
rsgA,0.68
rsmA,1.37
rsmB,1.18
rsmC,1.69
rsmD,1.41
rsmE,0.95
rsmF,1.19
rsmG,1.62
rsmH,0.41
rsmI,1.6
rspA,NA
rspB,NA
rssA,0.61
rssB,0.51
rstA,0.98
rstB,0.48
rsuA,1.65
rsxA,0.39
rsxB,0.51
rsxC,0.66
rsxD,0.51
rsxE,0.66
rsxG,0.54
rtcA,0.26
rtcB,0.7
rtcR,NA
rtn,0.42
rumA,0.83
rumB,0.46
rusA,NA
rutA,NA
rutB,NA
rutC,NA
rutD,NA
rutE,NA
rutF,NA
rutG,NA
rutR,0.77
ruvA,0.94
ruvB,0.81
ruvC,0.13
rzoD+rzoR,NA
rzoQ,NA
rzpD,NA
rzpQ,NA
sad,1.41
safA,NA
sanA,0.35
sapA,0.81
sapB,0.41
sapC,0.49
sapD,0.51
sapF,0.68
sbcB,1.31
sbcC,0.55
sbcD,0.77
sbmA,0.46
sbmC,NA
sbp,NA
scpA,NA
scpB,NA
scpC,NA
sdaA,1.83
sdaB,1.17
sdaC,1.11
sdhA,1.11
sdhB,1.49
sdhC,1.37
sdhD,0.79
sdiA,0.88
secA,1.4
secB,2.42
secD,0.43
secE,0.64
secF,0.48
secG,0.27
secM,0.22
secY,0.07
selA,0.8
selB,1.13
selD,1.41
selU,1.19
seqA,1.25
serA,1.94
serB,0.61
serC,1.59
serS,2.04
setA,0.23
setB,NA
setC,NA
sfmA,NA
sfmC,NA
sfmD,NA
sfmF,NA
sfmH,NA
sfsA,0.53
sfsB,NA
sgcA,NA
sgcB,NA
sgcC,NA
sgcE,NA
sgcQ,NA
sgcR,NA
sgcX,NA
sgrR,0.89
sgrT,NA
shiA,0.7
shoB,0.01
sieB,NA
sirA,1.51
sixA,0.83
skp,1.88
slmA,0.82
slp,NA
slt,0.93
slyA,1.39
slyB,2.04
slyD,2.37
slyX,1.54
smf,0.05
smg,0.12
smpB,3.25
smtA,0.24
sodA,3.35
sodB,3.41
sodC,NA
sohA,1.17
sohB,1.44
solA,1.82
soxR,NA
soxS,3.11
speA,1.48
speB,2.78
speC,1.34
speD,1.67
speE,1.24
speF,NA
speG,1.8
spoT,0.12
sppA,0.79
spr,0.7
spy,NA
sra,NA
srlA,NA
srlB,NA
srlD,NA
srlE,NA
srlR,0.73
srmB,1.55
ssb,2.79
sseA,1.52
sseB,1.22
ssnA,NA
sspA,1.42
sspB,0.36
sstT,0.95
ssuA,NA
ssuB,NA
ssuC,NA
ssuD,NA
ssuE,NA
stfP,NA
stfQ,NA
stfR,NA
sthA,0.87
stpA,3.28
sucA,0.84
sucB,1.99
sucC,1.46
sucD,1.8
sufA,NA
sufB,0.6
sufC,NA
sufD,0.62
sufE,NA
sufS,0.67
sugE,0.16
suhB,2.22
sulA,1.35
surA,1.09
surE,0.26
sxy,NA
syd,1.67
symE,NA
tabA,2.29
tadA,0.72
tag,1.11
talA,NA
talB,2.53
tam,NA
tap,NA
tar,NA
tas,1.43
tatA,1.4
tatB,0.29
tatC,0.39
tatD,0.63
tatE,1.87
tauA,NA
tauB,NA
tauC,NA
tauD,NA
tdcA,NA
tdcB,NA
tdcC,0.78
tdcD,NA
tdcE,1.37
tdcF,NA
tdcG,0.22
tdcR,NA
tdh,1.33
tdk,1.58
tehA,0.62
tehB,2.56
tesA,1.25
tesB,1.8
tfaE,NA
tfaP,NA
tfaR+tfaQ,NA
tgt,1.2
thiB,0.52
thiC,NA
thiD,NA
thiE,NA
thiF,NA
thiG,NA
thiH,NA
thiI,1.96
thiK,0.08
thiL,0.45
thiM,NA
thiP,0.19
thiQ,0.5
thiS,NA
thrA,0.98
thrB,0.63
thrC,1.4
thrL,0.82
thrS,1.26
thyA,1.46
tig,2.72
tilS,0.98
tisB,0.02
tktA,2.02
tktB,1.1
tldD,1.33
tmcA,0.17
tmk,0.88
tnaA,NA
tnaB,NA
tnaC,NA
tolA,0.32
tolB,0.72
tolC,2.02
tolQ,0.75
tolR,0.41
tomB,0.02
tonB,1.09
topA,1.08
topB,0.39
torA,NA
torC,NA
torD,NA
torI,NA
torR,1.11
torS,NA
torT,NA
torY,NA
torZ,NA
tpiA,2.31
tpr,NA
tpx,3.55
tqsA,NA
treA,NA
treB,NA
treC,NA
treF,0.27
treR,1.33
trg,NA
trkA,0.54
trkG,0.49
trkH,0.28
trmA,1.02
trmD,0.03
trmH,0.33
trmI,1.34
trmJ,1.42
trmL,1.65
trpA,1.95
trpB,1.81
trpC,0.66
trpD,0.76
trpE,1.39
trpL,NA
trpR,1.21
trpS,1.88
truA,0.52
truB,0.43
truC,0.67
truD,0.5
trxA,2.66
trxB,1.53
trxC,2.08
tsf,2.35
tsgA,0.82
tsr,NA
tsx,2.32
ttcA,2.87
ttdA,NA
ttdB,NA
ttdR,NA
ttdT,NA
tufA+tufB,2.29
tus,1.79
tynA,NA
typA,1.38
tyrA,0.83
tyrB,1.8
tyrP,0.79
tyrR,1.23
tyrS,1.79
ubiA,1.03
ubiB,0.22
ubiC,0.37
ubiD,0.51
ubiE,1.24
ubiF,1.3
ubiG,2.29
ubiH,0.24
ubiX,0.56
ucpA,0.98
udk,1.6
udp,2.48
ugd,0.18
ugpA,NA
ugpB,NA
ugpC,0.44
ugpE,NA
ugpQ,1.45
uhpA,0.26
uhpB,0.15
uhpC,0.25
uhpT,NA
uidA,NA
uidB,NA
uidC,NA
uidR,0.94
ulaA,NA
ulaB,NA
ulaC,NA
ulaD,NA
ulaE,NA
ulaF,NA
ulaG,NA
ulaR,1.28
umuC,NA
umuD,NA
ung,1.81
uof,0.06
upp,2.68
uraA,1.33
usg,1.42
ushA,1.19
uspA,2.98
uspB,NA
uspC,NA
uspD,1.36
uspE,1.09
uspF,NA
uspG,1.48
uup,0.94
uvrA,1.11
uvrB,0.58
uvrC,0.36
uvrD,0.56
uvrY,0.44
uxaA,0.55
uxaB,NA
uxaC,1.74
uxuA,2.41
uxuB,1.66
uxuR,0.83
valS,1.74
ves,NA
viaA,0.24
visC,0.77
vsr,NA
waaA,0.49
waaU,0.68
wbbI,1.03
wbbJ,0.46
wbbK,0.47
wcaA,NA
wcaB,NA
wcaC,NA
wcaD,NA
wcaE,NA
wcaF,NA
wcaI,NA
wcaJ,NA
wcaK,NA
wcaL,NA
wcaM,NA
wecH,NA
wrbA,NA
wza,NA
wzb,NA
wzc,NA
wzxC,NA
wzxE,0.14
wzyE,0.27
wzzE,0.4
xanP,0.7
xanQ,NA
xapA,NA
xapB,NA
xapR,NA
xdhA,NA
xdhB,NA
xdhC,NA
xdhD,0.27
xerC,0.37
xerD,0.24
xisE,NA
xseA,0.57
xseB,1.1
xthA,2.86
xylA,0.19
xylB,0.62
xylE,NA
xylF,NA
xylG,NA
xylH,NA
xylR,1.28
yaaA,2.07
yaaH,1.32
yaaI,NA
yaaJ,NA
yaaU,NA
yaaW,NA
yaaX,0.28
yaaY,NA
yabI,0.22
yacC,0.92
yacF,1.35
yacG,1.95
yacH,NA
yacL,1.41
yadB,0.31
yadC,NA
yadD,0.15
yadE,0.49
yadG,1.33
yadH,0.96
yadI,NA
yadK,NA
yadL,NA
yadM,NA
yadN,NA
yadS,0.39
yaeB,0.49
yaeF,NA
yaeH,1.79
yaeI,NA
yaeJ,0.19
yaeP,0.73
yaeQ,1.06
yaeR,NA
yafC,1.73
yafD,0.62
yafE,0.02
yafJ,0.53
yafK,1.63
yafL,NA
yafM,NA
yafN,NA
yafO,NA
yafP,NA
yafQ,NA
yafS,0.34
yafT,NA
yafV,0.54
yafW,NA
yafX,NA
yafY,NA
yafZ,NA
yagA,NA
yagE,NA
yagF,0.69
yagG,NA
yagH,NA
yagI,0.2
yagK,NA
yagL,NA
yagM,NA
yagN,4.39
yagU,2.34
yagV,NA
yagW,NA
yagX,NA
yahA,0.72
yahB,NA
yahC,NA
yahD,NA
yahE,NA
yahF,NA
yahG,NA
yahI,NA
yahJ,0.98
yahK,NA
yahL,NA
yahM,NA
yahN,NA
yahO,NA
yaiA,NA
yaiE,2.56
yaiI,1.05
yaiL,1.93
yaiO,NA
yaiP,NA
yaiS,NA
yaiV,NA
yaiW,1.05
yaiY,NA
yaiZ,NA
yajC,2
yajD,1.78
yajG,2.84
yajI,NA
yajL,1.78
yajO,1.08
yajQ,2.6
yajR,0.37
ybaA,NA
ybaB,3.28
ybaE,NA
ybaK,2.84
ybaL,0.54
ybaM,NA
ybaN,0.54
ybaO,0.7
ybaP,0.32
ybaQ,1.28
ybaS,NA
ybaT,NA
ybaV,NA
ybaY,2.47
ybaZ,NA
ybbA,NA
ybbC,NA
ybbJ,NA
ybbL,1.49
ybbM,0.65
ybbN,2.63
ybbO,0.81
ybbP,0.38
ybbW,NA
ybbY,NA
ybcF,NA
ybcH,NA
ybcI,NA
ybcJ,1.62
ybcK,NA
ybcL,NA
ybcM,NA
ybcN,NA
ybcO,NA
ybcV,NA
ybcW,NA
ybdD,NA
ybdF,NA
ybdH,0.58
ybdJ,NA
ybdK,NA
ybdL,1.15
ybdM,NA
ybdN,NA
ybdO,NA
ybdR,NA
ybdZ,NA
ybeB,1.35
ybeD,2.78
ybeF,NA
ybeL,NA
ybeQ,NA
ybeR,NA
ybeT,NA
ybeU,NA
ybeX,0.63
ybeY,0.9
ybeZ,1.35
ybfA,2.05
ybfB,NA
ybfC,NA
ybfD+yhhI,NA
ybfE,1.19
ybfF,1.83
ybfK,NA
ybfP,NA
ybgA,NA
ybgC,0.33
ybgD,NA
ybgE,0.33
ybgF,0.61
ybgI,1.9
ybgJ,0.33
ybgK,0.45
ybgL,0.29
ybgO,NA
ybgP,NA
ybgQ,NA
ybgS,NA
ybgT,2.11
ybhA,2.56
ybhB,0.5
ybhC,1.57
ybhD,NA
ybhF,0.27
ybhG,0.55
ybhH,NA
ybhI,NA
ybhJ,NA
ybhK,0.47
ybhL,1.24
ybhM,NA
ybhN,NA
ybhO,NA
ybhP,NA
ybhQ,0.64
ybhR,NA
ybhS,0.32
ybhT,1.03
ybiA,NA
ybiB,1.87
ybiC,2.35
ybiH,0.29
ybiI,NA
ybiJ,NA
ybiO,NA
ybiP,0.75
ybiR,0.28
ybiS,1.71
ybiT,1.78
ybiU,1.72
ybiV,1.54
ybiW,NA
ybiX,NA
ybiY,NA
ybjC,0.05
ybjD,0.86
ybjE,0.97
ybjG,0.77
ybjH,NA
ybjI,1.26
ybjJ,0.66
ybjK,NA
ybjL,0.79
ybjM,NA
ybjN,0.99
ybjO,0.17
ybjP,2.73
ybjQ,1.77
ybjS,0.78
ybjT,0.23
ybjX,2.01
ycaC,NA
ycaD,0.43
ycaI,NA
ycaK,NA
ycaL,NA
ycaM,NA
ycaN,NA
ycaO,2.07
ycaP,NA
ycaQ,0.04
ycaR,2.67
ycbB,0.38
ycbC,NA
ycbF,NA
ycbJ,NA
ycbK,1.29
ycbL,0.96
ycbU,NA
ycbV,NA
ycbW,0.29
ycbX,1.76
ycbZ,0.66
yccA,1.42
yccB,NA
yccE,NA
yccF,0.9
yccJ,NA
yccK,1.44
yccM,NA
yccS,0.4
yccT,NA
yccU,3.69
yccX,NA
ycdT,NA
ycdU,NA
ycdX,1.04
ycdY,2.25
ycdZ,0.26
yceA,1.79
yceB,1.51
yceD,0.12
yceF,2.11
yceG,0.55
yceH,1.28
yceI,NA
yceJ,NA
yceK,NA
yceM,0.34
yceO,NA
yceQ,NA
ycfD,1.65
ycfH,1.66
ycfJ,0.11
ycfL,0.09
ycfM,1.18
ycfP,1.92
ycfQ,0.71
ycfS,1.67
ycfT,NA
ycfZ,NA
ycgB,NA
ycgE,0.76
ycgF,NA
ycgG,NA
ycgJ,1.56
ycgL,1.97
ycgM,0.47
ycgN,1.39
ycgR,NA
ycgV,0.04
ycgX,NA
ycgY,NA
ycgZ,NA
ychA,0.3
ychE,0.57
ychF,2.74
ychH,NA
ychJ,0.63
ychM,0.71
ychN,2.65
ychO,0.3
ychQ,0.07
yciA,1.46
yciB,1.17
yciC,1.08
yciE,NA
yciF,NA
yciG,NA
yciH,1.03
yciI,2.41
yciK,1.51
yciM,0.27
yciN,2.14
yciO,1.93
yciQ,0.04
yciS,0.61
yciT,1.92
yciU,1.5
yciV,0.22
yciW,0.09
yciX,0.63
yciY,1.04
yciZ,NA
ycjD,NA
ycjF,0.94
ycjG,0.72
ycjM,NA
ycjN,NA
ycjO,NA
ycjP,NA
ycjQ,NA
ycjR,NA
ycjS,NA
ycjT,NA
ycjU,NA
ycjW,NA
ycjX,0.82
ycjY,NA
ycjZ,0.69
ydaC,NA
ydaE,NA
ydaF,NA
ydaG,NA
ydaL,0.76
ydaM,NA
ydaN,0.81
ydaQ,NA
ydaS,NA
ydaT,NA
ydaU,NA
ydaV,NA
ydbC,NA
ydbD,NA
ydbH,0.43
ydbJ,2.2
ydbK,1.23
ydbL,NA
ydcA,NA
ydcC,NA
ydcD,NA
ydcF,1.22
ydcH,NA
ydcI,1.19
ydcJ,NA
ydcK,NA
ydcL,1.37
ydcN,NA
ydcO,NA
ydcP,0.88
ydcR,0.93
ydcS,NA
ydcT,NA
ydcU,NA
ydcV,NA
ydcX,NA
ydcY,2.6
ydcZ,NA
yddA,NA
yddB,NA
yddE,1.25
yddG,0.93
yddH,NA
yddJ,NA
yddM,NA
yddW,1
ydeA,0.84
ydeE,NA
ydeH,NA
ydeI,NA
ydeJ,NA
ydeM,NA
ydeN,NA
ydeO,NA
ydeP,NA
ydeQ,NA
ydeR,NA
ydeS,NA
ydfA,NA
ydfB,NA
ydfC,NA
ydfD,NA
ydfG,2.54
ydfH,1.04
ydfI,NA
ydfO,NA
ydfR,NA
ydfU,NA
ydfV,NA
ydfZ,NA
ydgA,1.57
ydgC,NA
ydgD,0.46
ydgH,2.52
ydgI,0.42
ydgJ,0.87
ydgK,0.4
ydgU,NA
ydhB,0.82
ydhC,1
ydhF,2.27
ydhI,NA
ydhJ,0.77
ydhK,0.26
ydhL,NA
ydhO,1.12
ydhP,0.99
ydhQ,1.63
ydhR,2.19
ydhS,NA
ydhT,NA
ydhU,NA
ydhV,NA
ydhW,NA
ydhX,NA
ydhY,NA
ydhZ,1.86
ydiB,NA
ydiE,NA
ydiF,NA
ydiH,NA
ydiI,1.14
ydiJ,1.35
ydiK,1.07
ydiL,NA
ydiM,NA
ydiN,NA
ydiO,NA
ydiP,NA
ydiQ,NA
ydiR,NA
ydiS,NA
ydiT,NA
ydiU,0.43
ydiV,0.14
ydiY,1.68
ydiZ,NA
ydjA,2.27
ydjE,NA
ydjF,1.2
ydjG,NA
ydjH,NA
ydjI,NA
ydjJ,NA
ydjK,NA
ydjL,NA
ydjM,NA
ydjN,0.88
ydjO,NA
ydjX,NA
ydjY,NA
ydjZ,NA
yeaC,1.76
yeaD,2.53
yeaE,0.9
yeaG,NA
yeaH,NA
yeaI,NA
yeaJ,0.33
yeaK,1.81
yeaL,NA
yeaM,NA
yeaN,NA
yeaO,NA
yeaP,0.6
yeaQ,1.84
yeaR,NA
yeaV,NA
yeaW,NA
yeaX,NA
yeaY,0.53
yeaZ,1.25
yebA,0.7
yebB,NA
yebC,2.29
yebE,NA
yebF,0.29
yebG,2.81
yebK,0.85
yebN,0.6
yebO,0.79
yebQ,NA
yebR,1
yebS,0.26
yebT,0.63
yebV,NA
yebW,NA
yebY,1.98
yebZ,0.21
yecA,1.17
yecC,0.94
yecD,1.2
yecE,0.41
yecF,3.26
yecH,NA
yecJ,3.44
yecM,1.11
yecN,0.14
yecR,NA
yecS,0.83
yecT,NA
yedA,NA
yedD,2.5
yedE,1.38
yedF,1.65
yedI,0.89
yedJ,0.23
yedK,NA
yedL,NA
yedP,NA
yedQ,0.38
yedR,1.14
yedV,0.54
yedW,0.59
yedY,NA
yedZ,NA
yeeA,0.44
yeeD,NA
yeeE,NA
yeeF,1.08
yeeJ,0.11
yeeN,2.1
yeeO,NA
yeeR,NA
yeeS,NA
yeeT,NA
yeeU,NA
yeeV,NA
yeeX,3.45
yeeY,0.03
yeeZ,1.31
yefM,NA
yegD,0.77
yegE,0.23
yegH,0.88
yegI,NA
yegJ,NA
yegK,NA
yegL,NA
yegP,NA
yegQ,1.77
yegR,NA
yegS,NA
yegT,NA
yegU,1.28
yegV,NA
yegW,0.79
yegX,NA
yehA,NA
yehB,NA
yehC,NA
yehD,NA
yehE,NA
yehI,NA
yehK,NA
yehL,NA
yehM,NA
yehP,NA
yehR,NA
yehS,1.47
yehT,0.73
yehU,0.32
yehW,NA
yehX,NA
yehY,NA
yeiA,NA
yeiB,0.09
yeiE,0.67
yeiG,1.95
yeiH,0.72
yeiI,0.15
yeiL,NA
yeiP,3.35
yeiQ,1.14
yeiR,1.27
yeiS,NA
yeiT,NA
yeiW,NA
yejA,0.59
yejB,NA
yejE,0.32
yejF,0.28
yejG,1.26
yejH,1.01
yejK,1.72
yejL,2.43
yejM,0.2
yfaA,NA
yfaD,NA
yfaE,0.29
yfaL,0.07
yfaP,NA
yfaQ,NA
yfaT,NA
yfaY,1.46
yfaZ,2.29
yfbK,NA
yfbL,NA
yfbM,NA
yfbN,NA
yfbO,NA
yfbP,NA
yfbR,2.53
yfbS,0.2
yfbT,0.44
yfbU,2.17
yfbV,1.82
yfcA,0.32
yfcC,NA
yfcD,1.88
yfcE,1
yfcF,NA
yfcG,NA
yfcH,0.22
yfcI,NA
yfcJ,0.71
yfcL,2.03
yfcM,0.36
yfcN,1.43
yfcO,0.32
yfcP,NA
yfcQ,NA
yfcR,NA
yfcS,NA
yfcV,NA
yfcZ,2.25
yfdC,NA
yfdE,NA
yfdF,NA
yfdK,NA
yfdN,NA
yfdP,NA
yfdQ,NA
yfdR,NA
yfdS,NA
yfdT,NA
yfdV,NA
yfdX,NA
yfdY,NA
yfeA,0.27
yfeC,NA
yfeD,NA
yfeH,0.86
yfeK,NA
yfeN,NA
yfeO,NA
yfeR,NA
yfeS,NA
yfeW,NA
yfeX,1.9
yfeY,0.44
yfeZ,0.26
yffB,2.1
yffL,NA
yffM,NA
yffN,NA
yffO,NA
yffP,NA
yffQ,NA
yffR,0.89
yffS,2.16
yfgC,0.46
yfgD,3.52
yfgF,NA
yfgG,NA
yfgH,NA
yfgI,NA
yfgJ,1.27
yfgM,0.82
yfgO,0.54
yfhB,0.83
yfhG,0.41
yfhH,0.79
yfhL,1.29
yfhM,0.37
yfhR,NA
yfiB,NA
yfiC,0.93
yfiD,3.37
yfiE,0.91
yfiF,1.72
yfiH,0.49
yfiL,NA
yfiM,NA
yfiN,0.31
yfiP,1.39
yfiQ,0.17
yfiR,0.14
yfjD,0.46
yfjF,1.39
yfjG,1.19
yfjH,NA
yfjI,NA
yfjJ,NA
yfjK,0.38
yfjL,0.22
yfjM,NA
yfjO,0.21
yfjP,NA
yfjQ,NA
yfjR,NA
yfjS,NA
yfjT,NA
yfjW,NA
yfjX,NA
yfjY,NA
yfjZ,NA
ygaC,NA
ygaD,1
ygaH,0.16
ygaM,NA
ygaP,NA
ygaU,1.24
ygaV,NA
ygaW,NA
ygaZ,0.2
ygbA,NA
ygbE,NA
ygbF,NA
ygbI,0.94
ygbJ,NA
ygbK,NA
ygbL,NA
ygbM,NA
ygbN,NA
ygbT,NA
ygcB,NA
ygcE,NA
ygcF,1.68
ygcG,NA
ygcN,0.02
ygcO,NA
ygcP,NA
ygcQ,NA
ygcR,NA
ygcS,NA
ygcU,NA
ygcW,NA
ygdB,NA
ygdD,1.2
ygdG,0.41
ygdH,1.2
ygdI,NA
ygdQ,0.55
ygdR,0.96
ygeA,1.03
ygeG,NA
ygeH,NA
ygeI,NA
ygeR,0.52
ygeV,NA
ygeW,NA
ygeX,NA
ygeY,NA
ygfA,0.37
ygfB,1.12
ygfF,NA
ygfI,NA
ygfK,NA
ygfM,NA
ygfQ,NA
ygfS,NA
ygfT,NA
ygfU,NA
ygfX,0.17
ygfY,1.8
ygfZ,2.2
yggC,0.25
yggD,0.11
yggE,2.17
yggF,NA
yggG,2.34
yggI,NA
yggL,1.47
yggM,NA
yggN,1.17
yggP,NA
yggR,NA
yggS,1.08
yggT,0.97
yggU,0.32
yggW,0.38
yggX,2.37
yghA,NA
yghB,0.75
yghD,NA
yghG,0.91
yghJ,0.66
yghQ,NA
yghR,NA
yghS,NA
yghT,NA
yghU,1.77
yghW,NA
ygiB,1.69
ygiC,0.67
ygiD,NA
ygiF,1.25
ygiL,NA
ygiM,1.69
ygiN,1.43
ygiQ,1.3
ygiS,1.27
ygiV,NA
ygiW,3.93
ygiZ,NA
ygjH,NA
ygjI,NA
ygjJ,NA
ygjK,NA
ygjP,NA
ygjQ,NA
ygjR,1.22
ygjV,NA
yhaB,NA
yhaC,NA
yhaH,1.8
yhaI,NA
yhaJ,0.85
yhaK,NA
yhaL,NA
yhaM,1.74
yhaO,0.04
yhaV,0.76
yhbE,0.05
yhbJ,0.84
yhbO,NA
yhbP,NA
yhbQ,NA
yhbS,1.07
yhbT,0.76
yhbU,NA
yhbV,NA
yhbW,2.11
yhbX,NA
yhbY,2.49
yhcA,NA
yhcB,1.35
yhcC,NA
yhcD,NA
yhcF,0.47
yhcG,NA
yhcH,NA
yhcM,0.86
yhcN,3.11
yhcO,NA
yhdE,0.53
yhdH,2.23
yhdJ,NA
yhdL,NA
yhdN,0.25
yhdP,0.23
yhdT,0.84
yhdU,NA
yhdV,NA
yhdX,NA
yhdY,NA
yhdZ,NA
yheL,0.25
yheM,0.3
yheN,0.33
yheO,0.48
yheS,0.92
yheT,0.39
yheU,0.92
yheV,NA
yhfA,2.36
yhfG,NA
yhfK,0.22
yhfL,NA
yhfS,NA
yhfT,NA
yhfU,NA
yhfW,NA
yhfX,NA
yhfY,NA
yhfZ,0.83
yhgA,NA
yhgE,0.33
yhgF,2.01
yhgN,1.13
yhhA,NA
yhhH,NA
yhhJ,0.45
yhhK,2.08
yhhL,1.24
yhhM,0.62
yhhN,0.8
yhhQ,0.86
yhhS,0.37
yhhT,NA
yhhW,2.27
yhhX,2.34
yhhY,NA
yhhZ,NA
yhiD,NA
yhiI,0.53
yhiJ,NA
yhiM,NA
yhiN,0.54
yhiQ,0.51
yhiR,1.34
yhjA,NA
yhjB,NA
yhjC,0.27
yhjD,1.13
yhjE,1.16
yhjG,NA
yhjH,NA
yhjJ,0.98
yhjK,0.48
yhjR,0.32
yhjV,1.07
yhjX,NA
yhjY,NA
yiaA,NA
yiaB,NA
yiaC,NA
yiaD,3.83
yiaF,1.34
yiaG,NA
yiaJ,0.79
yiaK,NA
yiaL,NA
yiaM,NA
yiaN,NA
yiaO,NA
yiaQ,NA
yiaR,NA
yiaS,NA
yiaT,NA
yiaU,NA
yiaV,NA
yiaW,NA
yiaY,NA
yibA,NA
yibB,0.78
yibD,NA
yibF,1.35
yibG,NA
yibH,NA
yibI,NA
yibL,4.07
yibN,1.19
yibQ,0.5
yibT,1.63
yicC,1.68
yicG,NA
yicH,0.49
yicI,NA
yicJ,NA
yicL,0.8
yicN,NA
yicO,NA
yicR,0.01
yicS,NA
yidA,1.97
yidB,1.71
yidC,0.77
yidD,0.06
yidE,0.31
yidF,NA
yidG,NA
yidH,NA
yidI,NA
yidJ,NA
yidK,NA
yidL,NA
yidP,NA
yidQ,0.71
yidR,1.31
yidX,0.07
yidZ,0.35
yieE,0.41
yieF,1.53
yieH,0.71
yieK,NA
yieL,NA
yieP,1.55
yifB,NA
yifE,1.46
yifK,0.84
yifL,2.3
yigA,0.32
yigB,0.9
yigE,NA
yigF,NA
yigG,NA
yigI,1.77
yigL,1.26
yigM,0.44
yigP,0.44
yigZ,0.22
yihA,1.71
yihD,3.32
yihF,NA
yihG,0.84
yihI,2.97
yihL,NA
yihM,NA
yihN,NA
yihO,NA
yihP,NA
yihQ,NA
yihR,NA
yihS,NA
yihT,NA
yihU,NA
yihV,NA
yihW,0.7
yihX,0.61
yihY,0.22
yiiD,0.77
yiiE,NA
yiiF,NA
yiiG,NA
yiiM,1.7
yiiQ,0.78
yiiR,0.86
yiiS,1.22
yiiX,0.07
yijD,1.2
yijE,0.27
yijF,NA
yijO,NA
yijP,1.19
yjaA,NA
yjaB,NA
yjaG,1.37
yjaH,0.04
yjaZ,NA
yjbB,0.81
yjbD,NA
yjbE,NA
yjbF,NA
yjbG,NA
yjbH,NA
yjbJ,0.32
yjbL,NA
yjbM,NA
yjbQ,0.39
yjbR,1.23
yjbS,NA
yjbT,NA
yjcB,0.76
yjcC,NA
yjcD,1.12
yjcE,0.7
yjcF,NA
yjcH,NA
yjcO,0.73
yjcS,NA
yjcZ,NA
yjdA,NA
yjdC,0.86
yjdF,NA
yjdI,NA
yjdJ,NA
yjdK,NA
yjdL,NA
yjdM,5.11
yjdN,NA
yjdO,NA
yjdP,NA
yjeA,1.57
yjeE,1.16
yjeF,0.27
yjeH,0.33
yjeI,1.73
yjeJ,NA
yjeK,0.94
yjeM,0.6
yjeN,NA
yjeO,NA
yjeP,0.38
yjeS,0.33
yjeT,NA
yjeV,NA
yjfC,NA
yjfF,NA
yjfI,NA
yjfJ,NA
yjfK,NA
yjfL,NA
yjfM,NA
yjfN,NA
yjfP,NA
yjfY,NA
yjfZ,NA
yjgA,1.3
yjgB,NA
yjgF,3.32
yjgH,NA
yjgI,NA
yjgJ,2.41
yjgL,NA
yjgM,2.51
yjgN,NA
yjgR,0.7
yjgZ,NA
yjhB,NA
yjhC,1.53
yjhF,NA
yjhG,0.43
yjhH,NA
yjhI,NA
yjhP,NA
yjhQ,NA
yjhU,0.7
yjhX,NA
yjiA,1.04
yjiC,NA
yjiG,0.03
yjiH,NA
yjiJ,NA
yjiK,NA
yjiL,NA
yjiM,NA
yjiN,NA
yjiR,0.24
yjiS,NA
yjiX,0.51
yjiY,0.94
yjjA,1.67
yjjB,NA
yjjG,0.7
yjjI,NA
yjjJ,0.35
yjjK,1.98
yjjL,NA
yjjM,NA
yjjN,NA
yjjP,NA
yjjQ,NA
yjjU,0.59
yjjV,0.25
yjjW,NA
yjjX,1.89
yjjY,NA
yjjZ,NA
yjtD,1.95
ykfA,NA
ykfB,NA
ykfF,NA
ykfG,NA
ykfH,NA
ykfI,NA
ykfM,NA
ykgB,NA
ykgC,NA
ykgD,NA
ykgE,NA
ykgF,NA
ykgG,NA
ykgH,NA
ykgI,NA
ykgJ,NA
ykgL,NA
ykgM,NA
ykgO,NA
ykgR,NA
ylaB,0.26
ylaC,1.5
ylbA,1.76
ylbF,NA
ylcG,NA
ylcH,NA
ylcI,NA
yliE,0.36
yliF,0.75
yliI,NA
yliJ,2.09
yliL,NA
ymbA,0.92
ymcE,0.01
ymdA,NA
ymdB,NA
ymdC,NA
ymdF,NA
ymfA,NA
ymfD,NA
ymfE,NA
ymfI,NA
ymfJ,NA
ymfL,NA
ymfM,NA
ymfQ,NA
ymfR,NA
ymgA,NA
ymgC,NA
ymgD,2.49
ymgE,NA
ymgF,NA
ymgG,1.65
ymgI,NA
ymgJ,NA
ymiA,0.93
ymiB,NA
ymjA,NA
ynaE+ydfK,NA
ynaI,0.71
ynaJ,1.61
ynaK,NA
ynbA,NA
ynbB,NA
ynbC,NA
ynbD,NA
ynbE,NA
ynbG,NA
yncA,NA
yncB,NA
yncD,1.32
yncE,2.57
yncG,NA
yncH,NA
yncJ,NA
yncL,NA
yneE,0.74
yneF,0.03
yneG,0.65
yneH,0.75
yneJ,0.83
yneK,NA
yneM,NA
ynfA,NA
ynfB,2.23
ynfC,0.79
ynfD,NA
ynfE,NA
ynfF,NA
ynfG,NA
ynfH,0.11
ynfK,NA
ynfL,NA
ynfM,NA
ynfN,NA
ynfO,NA
ynhF,2.19
ynhG,NA
yniA,NA
yniB,0.91
yniC,2.58
yniD,NA
ynjA,NA
ynjB,0.95
ynjC,NA
ynjD,NA
ynjE,1.94
ynjF,0.94
ynjH,NA
ynjI,NA
yoaA,0.2
yoaB,4.08
yoaC,NA
yoaE,0.65
yoaF,NA
yoaG,NA
yoaH,NA
yoaI,NA
yoaJ,1.49
yoaK,0.2
yobA,3.05
yobB,NA
yobD,0.57
yobF,0.02
yobH,NA
yobI,NA
yodB,NA
yodC,NA
yodD,NA
yoeB,0.4
yoeI,1.44
yohC,NA
yohD,NA
yohF,NA
yohJ,NA
yohK,NA
yohN,1.83
yohO,1.38
yohP,NA
yojI,0.67
yojO,NA
ypaA,NA
ypdA,0.53
ypdB,0.55
ypdC,NA
ypdE,NA
ypdF,NA
ypdI,NA
ypdK,0.82
ypeA,0.68
ypeB,0.35
ypeC,NA
ypfG,NA
ypfH,1.15
ypfJ,0.9
ypfM,1.74
ypfN,0.99
yphA,NA
yphB,NA
yphC,NA
yphD,NA
yphE,NA
yphF,NA
yphG,NA
yphH,NA
ypjA,0.1
ypjD,0.81
ypjF,NA
ypjJ,NA
ypjK,NA
yqaA,0.02
yqaB,0.57
yqaE,2.52
yqcA,1.18
yqcC,1.7
yqcE,NA
yqcG,NA
yqeA,NA
yqeB,NA
yqeC,NA
yqeF,0.61
yqeG,1.1
yqeH,NA
yqeI,NA
yqeJ,NA
yqeK,NA
yqeL,NA
yqfA,0.16
yqfB,2.17
yqfG,NA
yqgA,NA
yqgB,0.46
yqgC,NA
yqgE,1.31
yqgF,0.63
yqhA,1.11
yqhC,1.35
yqhD,2.4
yqhG,NA
yqhH,NA
yqiA,0.23
yqiB,0.23
yqiC,4.52
yqiH,NA
yqiI,NA
yqiJ,NA
yqiK,NA
yqjA,0.59
yqjC,2.13
yqjD,3.12
yqjE,0.24
yqjF,NA
yqjG,NA
yqjH,2.83
yqjI,2.61
yqjK,0.14
yraH,NA
yraI,NA
yraJ,NA
yraK,NA
yraM,0.64
yraN,0.05
yraP,1.28
yraQ,1.32
yraR,NA
yrbA,2.02
yrbG,0.11
yrbL,0.61
yrbN,0.15
yrdA,1.76
yrdB,0.64
yrdD,0.22
yrfF,0.46
yrfG,0.59
yrhB,NA
yrhD,NA
ysaA,NA
ysaB,NA
ysgA,NA
yshB,1.75
ytcA,NA
ytfB,0.66
ytfE,NA
ytfF,0.26
ytfH,NA
ytfI,NA
ytfJ,1.72
ytfK,0.76
ytfL,0.88
ytfM,0.45
ytfN,0.24
ytfP,0.76
ytfQ,NA
ytfR,NA
ytfT,NA
ythA,NA
ytjA,NA
ytjB,0.29
ytjC,1.96
zapA,0.62
zapB,3.7
zinT,NA
zipA,0.61
zitB,NA
zntA,1.09
zntR,1.37
znuA,2.59
znuB,0.64
znuC,0.71
zraP,NA
zraR,0.39
zraS,0.11
zupT,0.77
zur,0.59
zwf,2.16